{
  "name": "conditional-visibility",
  "title": "Conditional Visibility",
  "description": "Hide tokens from some players, but not others, based on the senses the players have. Uses unknown, newspaper, and foggy icons made by <a href=\"https://www.flaticon.com/authors/freepik\" title=\"Freepik\">Freepik</a>, from <a href=\"https://www.flaticon.com/\" title=\"Flaticon\"> www.flaticon.com</a>. Moon icon made by <a href=\"https://www.flaticon.com/authors/iconixar\" title=\"iconixar\">iconixar</a> from <a href=\"https://www.flaticon.com/\" title=\"Flaticon\"> www.flaticon.com</a>",
  "version": "0.2.7",
  "author": "Greg Ludington, p4535992, Szefo09, Teshynil",
  "type": "module",
  "socket": true,
  "includes": [
    "./assets/**",
    "./lang/**",
    "./scripts/**",
    "./styles/**",
    "./templates/**",
    "./module.json",
    "./README.md",
    "./icons/**",
    "./packs/**"
  ],
  "media": [
    {
      "type": "icon",
      "location": ""
    },
    {
      "type": "cover",
      "location": ""
    },
    {
      "type": "screenshot",
      "location": ""
    }
  ],
  "languages": [
    {
      "lang": "en",
      "name": "English",
      "path": "lang/en.json"
    },
    {
      "lang": "ko",
      "name": "Korean",
      "path": "lang/ko.json"
    }
  ],
  "scripts": [],
  "esmodules": [
    "conditional-visibility.js"
  ],
  "styles": [
    "templates/conditional-visibility.css"
  ],
  "packs": [
    {
      "name": "Conditional Visibility",
      "label": "Conditional Visibility",
      "path": "./packs/visibility-scripts.db",
      "module": "world",
      "entity": "Macro",
      "lang": []
    }
  ],

  "minimumCoreVersion": "0.8.6",
  "compatibleCoreVersion": "0.8.8",
  "manifestPlusVersion": "1.2.0",
  "url": "https://github.com/p4535992/conditional-visibility",
  "readme": "https://raw.githubusercontent.com/p4535992/conditional-visibility/master/README.md",
  "manifest": "https://raw.githubusercontent.com/p4535992/conditional-visibility/master/src/module.json",
  "download": "https://raw.githubusercontent.com/p4535992/conditional-visibility/master/package/conditional-visibility-v0.2.7.zip",
  "changelog": "https://raw.githubusercontent.com/p4535992/conditional-visibility/master/CHANGELOG.md",
  "bugs": "https://github.com/p4535992/conditional-visibility/issues",
  "allowBugReporter": true,
  "dependencies": [
    {
      "name": "lib-wrapper"
    },
    {
      "name": "socketlib"
    }
  ]
}
