{
  "name": "conditional-visibility",
  "title": "Conditional Visibility",
  "description": "Set conditions that only tokens with specific enhanced senses can see. unknown, newspaper, and foggy icons made by <a href=\"https://www.flaticon.com/authors/freepik\" title=\"Freepik\">Freepik</a>, from <a href=\"https://www.flaticon.com/\" title=\"Flaticon\"> www.flaticon.com</a>. Moon icon made by <a href=\"https://www.flaticon.com/authors/iconixar\" title=\"iconixar\">iconixar</a> from <a href=\"https://www.flaticon.com/\" title=\"Flaticon\"> www.flaticon.com</a>",
  "version": "0.0.2",
  "author": "Greg Ludington",
  "scripts": [],
  "esmodules": ["conditional-visibility.js"],
  "styles": ["templates/conditional-visibility.css"],
  "packs": [],
  "languages": [
    {
      "lang": "en",
      "name": "English",
      "path": "lang/en.json"
    }
  ],
  "minimumCoreVersion": "0.6.6",
  "compatibleCoreVersion": "0.6.6",
  "url": "https://github.com/gludington/conditional-visibility/",
    "manifest": "https://raw.githubusercontent.com/gludington/conditional-visibility/master/src/module.json",
    "download": "https://github.com/gludington/conditional-visibility/raw/master/package/conditional-visibility-v0.0.2.zip",
    "changelog": "https://raw.githubusercontent.com/gludington/conditional-visibility/master/CHANGELOG.md",
    "readme": "https://raw.githubusercontent.com/gludington/conditional-visibility/master/README.md",
  "license": "",
  "bugs": ""
}